title,url
CANCER1,https://www.nature.com/articles/s41597-024-04085-3
CANCER2,https://www.nature.com/articles/s41597-024-03658-6
CANCER3,https://www.nature.com/articles/sdata2018136
HIV,https://www.nature.com/articles/s41467-025-58657-x
TB1,https://www.nature.com/articles/s41467-025-58775-6
TB2,https://www.nature.com/articles/s41598-025-94378-3
MOON,https://www.nature.com/articles/s41467-024-55675-z
TSUNAMI,https://www.nature.com/articles/s41467-025-57802-w
TUMOUR,https://www.nature.com/articles/sdata20163
DIABETES1,https://www.nature.com/articles/s41467-025-59442-6
DIABETES2,https://www.nature.com/articles/s41467-025-58120-x
